bootstrap_mean,ci_lower,ci_upper,confidence_level
2.1151170545872358,2.109512703817327,2.120541488135942,0.95
