Metric,Value
Original Mean,0.3559682827590777
Bootstrap Mean,0.35597248838240664
Bootstrap Std,0.0006717469601832033
Lower 95%,0.35466685720515134
Upper 95%,0.3573034179127434
