Feature,PermutationImportance
PC1,1.8897222053367462
PC2,0.09887784245314477
