Feature,MeanAbsSHAP
hdi,0.04303608728047763
gnipc,0.002611131629133616
co2_pc,0.0019452024163630057
mys,0.0013608763578153535
eys,0.0013344586175750726
le,0.0008305139345772207
