Feature,Weight
PC1,0.7656977955625953
PC2,0.23430220443740477
