Metric,Value
R2,0.9840088783693169
RMSE,0.007070789469326222
MAE,0.0014132472337308763
