Feature,Importance
hdi,0.58808994
le,0.13673317
gnipc,0.10820183
eys,0.07771255
mys,0.07739965
co2_pc,0.011862863
