Metric,Value
Original Mean,0.3559682827590777
Monte Carlo Mean,0.3559673911426311
Monte Carlo Std,0.0006791313472855
Lower 95%,0.3546822343776165
Upper 95%,0.357291369970063
