Metric,Value
Original Mean,0.3559682827590777
Bootstrap Mean,0.3559724883824066
Bootstrap Std,0.0006717469601832
Lower 95%,0.3546668572051513
Upper 95%,0.3573034179127434
